id,firstname,lastname,email,email2,profession
100,Cristabel,Read,Cristabel.Read@yopmail.com,Cristabel.Read@gmail.com,Jenda
101,Hope,Bebe,Hope.Bebe@yopmail.com,Hope.Bebe@gmail.com,Talya
102,Sue,Dudley,Sue.Dudley@yopmail.com,Sue.Dudley@gmail.com,Joleen
103,Belinda,Thunell,Belinda.Thunell@yopmail.com,Belinda.Thunell@gmail.com,Carmela
104,Lanae,Marijo,Lanae.Marijo@yopmail.com,Lanae.Marijo@gmail.com,Barbara
105,Joleen,Holbrook,Joleen.Holbrook@yopmail.com,Joleen.Holbrook@gmail.com,Meriel
106,Christy,Lewes,Christy.Lewes@yopmail.com,Christy.Lewes@gmail.com,Mady
107,Joleen,Nerita,Joleen.Nerita@yopmail.com,Joleen.Nerita@gmail.com,Joceline
108,Gavrielle,Ranjiv,Gavrielle.Ranjiv@yopmail.com,Gavrielle.Ranjiv@gmail.com,Kittie
109,Orsola,Greenwald,Orsola.Greenwald@yopmail.com,Orsola.Greenwald@gmail.com,Sallie
110,Arabel,Sophronia,Arabel.Sophronia@yopmail.com,Arabel.Sophronia@gmail.com,Theodora
111,Kittie,Ralfston,Kittie.Ralfston@yopmail.com,Kittie.Ralfston@gmail.com,Gerianna
112,Yetty,Hieronymus,Yetty.Hieronymus@yopmail.com,Yetty.Hieronymus@gmail.com,Verla
113,Mamie,Helfand,Mamie.Helfand@yopmail.com,Mamie.Helfand@gmail.com,Brianna
114,Aubrie,Deegan,Aubrie.Deegan@yopmail.com,Aubrie.Deegan@gmail.com,Kate
115,Ashlee,Ardeha,Ashlee.Ardeha@yopmail.com,Ashlee.Ardeha@gmail.com,Daryl
116,Emilia,Chesna,Emilia.Chesna@yopmail.com,Emilia.Chesna@gmail.com,Demetris
117,Gaylene,Jefferey,Gaylene.Jefferey@yopmail.com,Gaylene.Jefferey@gmail.com,Veda
118,Brandise,Tacye,Brandise.Tacye@yopmail.com,Brandise.Tacye@gmail.com,Ileana
119,Marylou,Burnside,Marylou.Burnside@yopmail.com,Marylou.Burnside@gmail.com,Jenda